lag_seconds,hr_speed_correlation,paired_sample_count
0,0.3566544267920359,2828
5,0.3954427789744007,2822
10,0.414049529143676,2814
15,0.4100323587402792,2809
20,0.39151231059931507,2804
25,0.3709058085630289,2799
30,0.35686497457975525,2794
35,0.35318334137116375,2789
40,0.3601908595534003,2784
45,0.37683106726237536,2779
50,0.3991725269405319,2774
55,0.4192949666852253,2769
60,0.42958362325504834,2764
